fromnode,tonode,clientID,a,budget,clientRatio
8,16,0,1,2.15,2.15
8,16,1,5,10.31,2.0620000000000003
8,16,2,1,1.96,1.96
8,16,3,13,22.26,1.7123076923076925
8,16,4,1,1.62,1.62
8,16,5,8,11.5,1.4375
8,16,6,16,21.12,1.32
8,16,7,18,21.13,1.1738888888888888
8,16,8,20,23.37,1.1685
8,16,9,9,10.49,1.1655555555555557
8,16,10,19,20.93,1.101578947368421
8,16,11,14,13.85,0.9892857142857142
8,16,12,17,16.62,0.9776470588235294
8,16,13,5,4.66,0.932
8,16,14,16,10.91,0.681875
8,16,15,5,3.1,0.62
8,16,16,8,4.23,0.52875
8,16,17,3,1.37,0.4566666666666667
8,16,18,19,4.61,0.24263157894736845
8,16,19,19,3.64,0.19157894736842107
8,30,0,11,48.35,4.3954545454545455
8,30,1,5,20.1,4.0200000000000005
8,30,2,1,3.92,3.92
8,30,3,14,50.18,3.584285714285714
8,30,4,6,19.4,3.233333333333333
8,30,5,11,34.77,3.160909090909091
8,30,6,20,62.28,3.114
8,30,7,7,20.63,2.947142857142857
8,30,8,18,49.28,2.7377777777777776
8,30,9,13,34.96,2.689230769230769
8,30,10,19,50.69,2.667894736842105
8,30,11,10,20.22,2.022
8,30,12,3,5.92,1.9733333333333334
8,30,13,19,25.62,1.348421052631579
8,30,14,19,22.74,1.1968421052631577
8,30,15,16,18.08,1.13
8,30,16,16,9.1,0.56875
8,30,17,4,1.84,0.46
8,30,18,4,1.36,0.34
8,30,19,5,1.35,0.27
8,47,0,7,22.67,3.238571428571429
8,47,1,8,25.01,3.12625
8,47,2,5,15.0,3.0
8,47,3,14,36.27,2.5907142857142857
8,47,4,20,51.36,2.568
8,47,5,13,31.59,2.43
8,47,6,5,11.69,2.338
8,47,7,20,46.2,2.31
8,47,8,4,8.46,2.115
8,47,9,10,20.85,2.085
8,47,10,11,20.84,1.8945454545454545
8,47,11,9,15.74,1.748888888888889
8,47,12,17,23.25,1.3676470588235294
8,47,13,13,17.39,1.3376923076923077
8,47,14,11,12.5,1.1363636363636365
8,47,15,2,2.25,1.125
8,47,16,17,17.01,1.0005882352941178
8,47,17,3,1.44,0.48
8,47,18,4,1.1,0.275
8,47,19,18,4.2,0.23333333333333334
8,60,0,14,60.72,4.337142857142857
8,60,1,14,60.15,4.296428571428572
8,60,2,1,4.27,4.27
8,60,3,1,4.24,4.24
8,60,4,12,44.78,3.731666666666667
8,60,5,9,29.57,3.285555555555556
8,60,6,9,25.4,2.822222222222222
8,60,7,12,32.9,2.7416666666666667
8,60,8,10,26.73,2.673
8,60,9,1,2.66,2.66
8,60,10,20,53.17,2.6585
8,60,11,11,23.55,2.140909090909091
8,60,12,6,8.96,1.4933333333333334
8,60,13,17,24.69,1.4523529411764706
8,60,14,9,12.97,1.4411111111111112
8,60,15,11,10.16,0.9236363636363637
8,60,16,13,8.03,0.6176923076923077
8,60,17,5,2.14,0.42800000000000005
8,60,18,11,2.86,0.26
8,60,19,11,2.46,0.22363636363636363
8,69,0,11,44.26,4.0236363636363635
8,69,1,7,26.34,3.762857142857143
8,69,2,3,10.33,3.4433333333333334
8,69,3,6,17.54,2.9233333333333333
8,69,4,8,22.59,2.82375
8,69,5,12,30.76,2.5633333333333335
8,69,6,9,18.51,2.0566666666666666
8,69,7,8,15.6,1.95
8,69,8,19,34.81,1.832105263157895
8,69,9,9,13.95,1.5499999999999998
8,69,10,7,10.14,1.4485714285714286
8,69,11,5,7.14,1.428
8,69,12,14,18.97,1.355
8,69,13,14,18.88,1.3485714285714285
8,69,14,15,19.02,1.268
8,69,15,9,10.25,1.1388888888888888
8,69,16,19,17.38,0.9147368421052631
8,69,17,4,2.33,0.5825
8,69,18,6,2.96,0.49333333333333335
8,69,19,4,1.23,0.3075
8,74,0,20,32.39,1.6195
8,74,1,19,30.29,1.5942105263157895
8,74,2,17,26.9,1.5823529411764705
8,74,3,17,25.84,1.52
8,74,4,8,11.38,1.4225
8,74,5,15,20.74,1.3826666666666665
8,74,6,4,5.36,1.34
8,74,7,14,13.64,0.9742857142857143
8,74,8,14,13.24,0.9457142857142857
8,74,9,1,0.89,0.89
8,74,10,1,0.82,0.82
8,74,11,1,0.82,0.82
8,74,12,18,10.85,0.6027777777777777
8,74,13,10,4.42,0.442
8,74,14,4,1.34,0.335
8,74,15,14,4.36,0.31142857142857144
8,74,16,20,4.89,0.2445
8,74,17,14,2.09,0.14928571428571427
8,74,18,2,0.24,0.12
8,74,19,8,0.93,0.11625
8,75,0,9,10.61,1.1788888888888889
8,75,1,19,21.03,1.1068421052631578
8,75,2,1,1.1,1.1
8,75,3,2,2.19,1.095
8,75,4,5,5.29,1.058
8,75,5,2,1.95,0.975
8,75,6,17,11.68,0.6870588235294117
8,75,7,3,2.05,0.6833333333333332
8,75,8,1,0.65,0.65
8,75,9,18,11.43,0.635
8,75,10,2,1.26,0.63
8,75,11,2,0.96,0.48
8,75,12,16,7.0,0.4375
8,75,13,8,3.04,0.38
8,75,14,5,1.8,0.36
8,75,15,4,1.04,0.26
8,75,16,7,1.4,0.19999999999999998
8,75,17,11,1.53,0.1390909090909091
8,75,18,2,0.27,0.135
8,75,19,5,0.54,0.10800000000000001
8,77,0,12,16.12,1.3433333333333335
8,77,1,1,1.3,1.3
8,77,2,3,3.37,1.1233333333333333
8,77,3,13,14.47,1.113076923076923
8,77,4,16,17.06,1.06625
8,77,5,9,8.82,0.98
8,77,6,13,11.9,0.9153846153846155
8,77,7,2,1.77,0.885
8,77,8,5,3.97,0.794
8,77,9,12,8.02,0.6683333333333333
8,77,10,14,9.35,0.6678571428571428
8,77,11,11,6.88,0.6254545454545455
8,77,12,8,4.97,0.62125
8,77,13,11,6.76,0.6145454545454545
8,77,14,18,10.1,0.5611111111111111
8,77,15,19,8.74,0.46
8,77,16,8,2.77,0.34625
8,77,17,9,2.79,0.31
8,77,18,19,5.56,0.2926315789473684
8,77,19,14,1.76,0.12571428571428572
8,80,0,4,13.88,3.47
8,80,1,4,13.81,3.4525
8,80,2,17,50.16,2.9505882352941173
8,80,3,18,53.02,2.945555555555556
8,80,4,4,10.97,2.7425
8,80,5,19,50.97,2.6826315789473685
8,80,6,4,10.12,2.53
8,80,7,10,21.96,2.196
8,80,8,3,6.43,2.143333333333333
8,80,9,2,4.19,2.095
8,80,10,19,38.56,2.0294736842105263
8,80,11,19,37.17,1.9563157894736842
8,80,12,1,1.36,1.36
8,80,13,13,10.16,0.7815384615384615
8,80,14,16,10.48,0.655
8,80,15,9,5.19,0.5766666666666667
8,80,16,8,4.2,0.525
8,80,17,13,3.95,0.3038461538461539
8,80,18,3,0.83,0.27666666666666667
8,80,19,4,0.95,0.2375
16,8,0,8,18.39,2.29875
16,8,1,17,38.22,2.248235294117647
16,8,2,14,28.08,2.005714285714286
16,8,3,19,34.34,1.8073684210526317
16,8,4,16,28.63,1.789375
16,8,5,19,32.74,1.7231578947368422
16,8,6,17,28.01,1.6476470588235295
16,8,7,6,9.35,1.5583333333333333
16,8,8,5,7.76,1.552
16,8,9,15,22.35,1.49
16,8,10,12,16.27,1.3558333333333332
16,8,11,6,6.21,1.035
16,8,12,20,19.86,0.993
16,8,13,3,2.83,0.9433333333333334
16,8,14,13,8.68,0.6676923076923077
16,8,15,3,1.93,0.6433333333333333
16,8,16,19,9.56,0.5031578947368421
16,8,17,5,2.31,0.462
16,8,18,7,2.99,0.42714285714285716
16,8,19,6,2.42,0.4033333333333333
16,30,0,18,82.28,4.571111111111112
16,30,1,8,34.27,4.28375
16,30,2,9,38.49,4.276666666666667
16,30,3,3,12.38,4.126666666666667
16,30,4,8,32.82,4.1025
16,30,5,16,62.16,3.885
16,30,6,13,49.25,3.7884615384615383
16,30,7,16,59.96,3.7475
16,30,8,16,54.62,3.41375
16,30,9,10,32.75,3.275
16,30,10,14,40.96,2.9257142857142857
16,30,11,19,54.66,2.8768421052631576
16,30,12,7,16.39,2.3414285714285716
16,30,13,2,4.68,2.34
16,30,14,5,10.57,2.114
16,30,15,17,27.84,1.6376470588235295
16,30,16,12,15.46,1.2883333333333333
16,30,17,7,6.88,0.9828571428571429
16,30,18,18,5.74,0.3188888888888889
16,30,19,10,2.98,0.298
16,47,0,3,2.81,0.9366666666666666
16,47,1,2,1.76,0.88
16,47,2,9,7.38,0.82
16,47,3,7,5.36,0.7657142857142858
16,47,4,7,4.49,0.6414285714285715
16,47,5,15,8.73,0.5820000000000001
16,47,6,13,6.42,0.4938461538461538
16,47,7,16,6.48,0.405
16,47,8,11,3.84,0.34909090909090906
16,47,9,18,6.07,0.33722222222222226
16,47,10,2,0.66,0.33
16,47,11,9,2.39,0.26555555555555554
16,47,12,5,1.07,0.21400000000000002
16,47,13,9,1.78,0.19777777777777777
16,47,14,3,0.45,0.15
16,47,15,14,2.02,0.1442857142857143
16,47,16,14,1.74,0.12428571428571429
16,47,17,9,0.99,0.11
16,47,18,10,0.73,0.073
16,47,19,11,0.5,0.045454545454545456
16,60,0,17,39.24,2.3082352941176474
16,60,1,12,23.29,1.9408333333333332
16,60,2,19,36.18,1.9042105263157894
16,60,3,2,3.69,1.845
16,60,4,4,7.36,1.84
16,60,5,6,10.89,1.8150000000000002
16,60,6,12,20.99,1.7491666666666665
16,60,7,11,19.09,1.7354545454545454
16,60,8,10,17.11,1.7109999999999999
16,60,9,10,16.74,1.674
16,60,10,11,18.34,1.6672727272727272
16,60,11,4,5.53,1.3825
16,60,12,18,24.8,1.3777777777777778
16,60,13,16,21.39,1.336875
16,60,14,15,19.09,1.2726666666666666
16,60,15,20,22.43,1.1215
16,60,16,5,2.68,0.536
16,60,17,18,8.0,0.4444444444444444
16,60,18,15,6.0,0.4
16,60,19,9,3.25,0.3611111111111111
16,69,0,11,23.6,2.1454545454545455
16,69,1,2,3.98,1.99
16,69,2,5,9.8,1.9600000000000002
16,69,3,13,24.24,1.8646153846153846
16,69,4,5,6.89,1.378
16,69,5,6,7.96,1.3266666666666667
16,69,6,7,9.27,1.3242857142857143
16,69,7,4,5.27,1.3175
16,69,8,7,8.93,1.2757142857142856
16,69,9,18,22.89,1.2716666666666667
16,69,10,15,19.02,1.268
16,69,11,2,2.26,1.13
16,69,12,13,11.33,0.8715384615384616
16,69,13,17,14.63,0.8605882352941177
16,69,14,3,2.57,0.8566666666666666
16,69,15,9,6.12,0.68
16,69,16,9,5.65,0.6277777777777778
16,69,17,4,1.97,0.4925
16,69,18,4,1.68,0.42
16,69,19,19,5.84,0.30736842105263157
16,74,0,16,60.32,3.77
16,74,1,10,37.03,3.7030000000000003
16,74,2,17,60.88,3.5811764705882356
16,74,3,10,34.69,3.469
16,74,4,15,51.79,3.4526666666666666
16,74,5,7,23.58,3.3685714285714283
16,74,6,1,3.27,3.27
16,74,7,12,36.56,3.046666666666667
16,74,8,7,19.91,2.8442857142857143
16,74,9,17,41.94,2.4670588235294115
16,74,10,3,7.38,2.46
16,74,11,8,15.8,1.975
16,74,12,13,17.2,1.323076923076923
16,74,13,19,24.7,1.3
16,74,14,17,15.95,0.9382352941176471
16,74,15,7,6.09,0.87
16,74,16,5,3.28,0.6559999999999999
16,74,17,15,8.51,0.5673333333333334
16,74,18,1,0.55,0.55
16,74,19,16,4.25,0.265625
16,75,0,11,11.91,1.0827272727272728
16,75,1,7,7.1,1.0142857142857142
16,75,2,1,1.01,1.01
16,75,3,4,3.45,0.8625
16,75,4,20,17.02,0.851
16,75,5,2,1.58,0.79
16,75,6,7,5.45,0.7785714285714286
16,75,7,12,9.2,0.7666666666666666
16,75,8,3,1.81,0.6033333333333334
16,75,9,3,1.69,0.5633333333333334
16,75,10,13,7.3,0.5615384615384615
16,75,11,8,4.39,0.54875
16,75,12,7,3.49,0.4985714285714286
16,75,13,11,4.24,0.3854545454545455
16,75,14,16,5.77,0.360625
16,75,15,20,5.73,0.28650000000000003
16,75,16,14,3.65,0.26071428571428573
16,75,17,5,0.64,0.128
16,75,18,14,1.74,0.12428571428571429
16,75,19,2,0.14,0.07
16,77,0,8,27.85,3.48125
16,77,1,15,48.58,3.2386666666666666
16,77,2,12,26.35,2.1958333333333333
16,77,3,6,12.93,2.155
16,77,4,15,29.71,1.9806666666666668
16,77,5,15,25.77,1.718
16,77,6,12,20.21,1.6841666666666668
16,77,7,13,21.48,1.6523076923076923
16,77,8,11,17.01,1.5463636363636366
16,77,9,1,1.53,1.53
16,77,10,2,3.02,1.51
16,77,11,9,12.66,1.4066666666666667
16,77,12,7,7.24,1.0342857142857143
16,77,13,2,1.93,0.965
16,77,14,6,5.18,0.8633333333333333
16,77,15,16,12.47,0.779375
16,77,16,20,14.45,0.7224999999999999
16,77,17,17,12.28,0.7223529411764705
16,77,18,12,7.65,0.6375000000000001
16,77,19,1,0.62,0.62
16,80,0,1,3.22,3.22
16,80,1,17,54.19,3.1876470588235293
16,80,2,7,22.3,3.185714285714286
16,80,3,15,42.18,2.812
16,80,4,2,4.9,2.45
16,80,5,11,24.97,2.27
16,80,6,4,8.61,2.1525
16,80,7,3,6.44,2.146666666666667
16,80,8,10,17.94,1.794
16,80,9,13,22.71,1.746923076923077
16,80,10,4,5.25,1.3125
16,80,11,6,7.61,1.2683333333333333
16,80,12,12,14.57,1.2141666666666666
16,80,13,10,10.72,1.072
16,80,14,18,18.73,1.0405555555555557
16,80,15,8,7.67,0.95875
16,80,16,2,1.56,0.78
16,80,17,1,0.5,0.5
16,80,18,17,4.5,0.2647058823529412
16,80,19,3,0.62,0.20666666666666667
30,8,0,13,56.28,4.32923076923077
30,8,1,16,67.03,4.189375
30,8,2,20,83.58,4.179
30,8,3,13,49.82,3.832307692307692
30,8,4,15,53.8,3.5866666666666664
30,8,5,18,56.74,3.1522222222222225
30,8,6,20,58.81,2.9405
30,8,7,13,33.44,2.572307692307692
30,8,8,6,14.38,2.396666666666667
30,8,9,14,29.36,2.097142857142857
30,8,10,2,3.7,1.85
30,8,11,6,10.6,1.7666666666666666
30,8,12,18,31.52,1.751111111111111
30,8,13,16,27.03,1.689375
30,8,14,16,26.67,1.666875
30,8,15,10,9.86,0.986
30,8,16,13,12.28,0.9446153846153845
30,8,17,2,1.71,0.855
30,8,18,14,9.56,0.6828571428571429
30,8,19,13,7.35,0.5653846153846154
30,16,0,11,52.48,4.7709090909090905
30,16,1,2,9.36,4.68
30,16,2,10,46.35,4.635
30,16,3,2,8.45,4.225
30,16,4,8,32.8,4.1
30,16,5,20,81.34,4.067
30,16,6,1,3.97,3.97
30,16,7,3,11.9,3.966666666666667
30,16,8,13,49.48,3.8061538461538458
30,16,9,3,11.03,3.6766666666666663
30,16,10,5,14.41,2.882
30,16,11,2,4.52,2.26
30,16,12,17,36.02,2.118823529411765
30,16,13,4,6.98,1.745
30,16,14,4,6.65,1.6625
30,16,15,20,33.13,1.6565
30,16,16,7,9.08,1.2971428571428572
30,16,17,1,0.71,0.71
30,16,18,10,6.97,0.697
30,16,19,1,0.52,0.52
30,47,0,3,14.15,4.716666666666667
30,47,1,10,42.86,4.286
30,47,2,18,72.46,4.025555555555555
30,47,3,15,60.06,4.0040000000000004
30,47,4,16,62.79,3.924375
30,47,5,10,37.61,3.761
30,47,6,4,12.51,3.1275
30,47,7,7,18.0,2.5714285714285716
30,47,8,20,47.43,2.3715
30,47,9,12,27.24,2.27
30,47,10,12,26.07,2.1725
30,47,11,15,32.31,2.1540000000000004
30,47,12,3,5.62,1.8733333333333333
30,47,13,13,15.73,1.21
30,47,14,4,4.71,1.1775
30,47,15,15,16.07,1.0713333333333332
30,47,16,20,14.71,0.7355
30,47,17,9,5.6,0.6222222222222222
30,47,18,3,1.22,0.4066666666666667
30,47,19,18,4.33,0.24055555555555555
30,60,0,10,38.7,3.87
30,60,1,20,76.8,3.84
30,60,2,12,46.01,3.8341666666666665
30,60,3,19,70.8,3.7263157894736842
30,60,4,16,57.97,3.623125
30,60,5,18,62.35,3.463888888888889
30,60,6,6,18.39,3.065
30,60,7,7,20.83,2.9757142857142855
30,60,8,3,7.52,2.5066666666666664
30,60,9,14,27.71,1.9792857142857143
30,60,10,20,39.14,1.957
30,60,11,14,26.07,1.862142857142857
30,60,12,2,2.92,1.46
30,60,13,5,6.51,1.302
30,60,14,7,7.91,1.1300000000000001
30,60,15,9,9.05,1.0055555555555555
30,60,16,1,0.88,0.88
30,60,17,17,6.78,0.39882352941176474
30,60,18,16,5.1,0.31875
30,60,19,4,1.08,0.27
30,69,0,10,41.24,4.1240000000000006
30,69,1,6,24.11,4.0183333333333335
30,69,2,12,47.86,3.9883333333333333
30,69,3,12,41.26,3.438333333333333
30,69,4,10,31.97,3.197
30,69,5,15,47.63,3.1753333333333336
30,69,6,5,13.59,2.718
30,69,7,5,11.7,2.34
30,69,8,15,31.34,2.0893333333333333
30,69,9,14,27.54,1.967142857142857
30,69,10,15,25.23,1.682
30,69,11,14,20.06,1.4328571428571428
30,69,12,15,20.72,1.3813333333333333
30,69,13,10,13.24,1.324
30,69,14,7,9.01,1.2871428571428571
30,69,15,18,19.27,1.0705555555555555
30,69,16,7,5.53,0.79
30,69,17,10,7.48,0.748
30,69,18,14,4.5,0.32142857142857145
30,69,19,17,3.56,0.20941176470588235
30,74,0,12,67.51,5.6258333333333335
30,74,1,6,31.55,5.258333333333334
30,74,2,14,72.99,5.213571428571428
30,74,3,2,10.34,5.17
30,74,4,5,21.64,4.328
30,74,5,2,7.11,3.555
30,74,6,11,35.98,3.2709090909090905
30,74,7,14,42.47,3.0335714285714284
30,74,8,2,5.86,2.93
30,74,9,4,10.84,2.71
30,74,10,1,2.6,2.6
30,74,11,16,40.55,2.534375
30,74,12,15,32.78,2.1853333333333333
30,74,13,9,18.91,2.101111111111111
30,74,14,19,30.26,1.5926315789473684
30,74,15,9,14.33,1.5922222222222222
30,74,16,1,1.35,1.35
30,74,17,2,0.65,0.325
30,74,18,9,2.89,0.3211111111111111
30,74,19,8,2.42,0.3025
30,75,0,8,29.77,3.72125
30,75,1,9,32.55,3.6166666666666663
30,75,2,3,9.32,3.106666666666667
30,75,3,19,53.21,2.8005263157894738
30,75,4,20,50.64,2.532
30,75,5,12,28.78,2.3983333333333334
30,75,6,20,47.69,2.3845
30,75,7,17,38.48,2.2635294117647056
30,75,8,15,32.7,2.18
30,75,9,12,24.96,2.08
30,75,10,2,3.88,1.94
30,75,11,3,5.3,1.7666666666666666
30,75,12,1,1.53,1.53
30,75,13,6,8.62,1.4366666666666665
30,75,14,15,20.85,1.3900000000000001
30,75,15,17,14.34,0.8435294117647059
30,75,16,11,8.54,0.7763636363636363
30,75,17,16,11.43,0.714375
30,75,18,9,5.55,0.6166666666666667
30,75,19,18,11.04,0.6133333333333333
30,77,0,14,56.65,4.046428571428572
30,77,1,16,63.31,3.956875
30,77,2,2,7.8,3.9
30,77,3,1,3.9,3.9
30,77,4,13,50.61,3.893076923076923
30,77,5,7,21.6,3.085714285714286
30,77,6,4,10.66,2.665
30,77,7,11,28.41,2.5827272727272725
30,77,8,10,23.28,2.3280000000000003
30,77,9,3,6.38,2.1266666666666665
30,77,10,16,31.9,1.99375
30,77,11,3,5.62,1.8733333333333333
30,77,12,5,9.09,1.818
30,77,13,13,18.42,1.416923076923077
30,77,14,18,23.07,1.2816666666666667
30,77,15,9,9.12,1.0133333333333332
30,77,16,15,14.06,0.9373333333333334
30,77,17,12,10.59,0.8825
30,77,18,2,1.71,0.855
30,77,19,17,10.56,0.6211764705882353
30,80,0,12,15.55,1.2958333333333334
30,80,1,12,14.67,1.2225
30,80,2,5,5.72,1.144
30,80,3,13,13.31,1.0238461538461539
30,80,4,6,5.48,0.9133333333333334
30,80,5,15,13.41,0.894
30,80,6,12,8.8,0.7333333333333334
30,80,7,5,3.6,0.72
30,80,8,2,1.41,0.705
30,80,9,14,7.54,0.5385714285714286
30,80,10,6,2.64,0.44
30,80,11,1,0.4,0.4
30,80,12,16,5.74,0.35875
30,80,13,2,0.55,0.275
30,80,14,5,1.2,0.24
30,80,15,1,0.23,0.23
30,80,16,10,2.1,0.21000000000000002
30,80,17,5,0.98,0.196
30,80,18,20,2.96,0.148
30,80,19,7,0.43,0.06142857142857143
47,8,0,20,65.22,3.261
47,8,1,4,10.69,2.6725
47,8,2,17,40.14,2.3611764705882354
47,8,3,19,44.17,2.3247368421052634
47,8,4,14,29.36,2.097142857142857
47,8,5,15,29.28,1.9520000000000002
47,8,6,15,27.79,1.8526666666666667
47,8,7,12,21.96,1.83
47,8,8,11,18.09,1.6445454545454545
47,8,9,18,28.65,1.5916666666666666
47,8,10,10,15.47,1.5470000000000002
47,8,11,6,6.88,1.1466666666666667
47,8,12,6,6.57,1.095
47,8,13,20,21.56,1.0779999999999998
47,8,14,13,10.06,0.7738461538461539
47,8,15,1,0.64,0.64
47,8,16,7,3.85,0.55
47,8,17,6,3.0,0.5
47,8,18,16,7.44,0.465
47,8,19,9,3.86,0.4288888888888889
47,16,0,6,5.77,0.9616666666666666
47,16,1,12,10.15,0.8458333333333333
47,16,2,20,15.21,0.7605000000000001
47,16,3,8,5.79,0.72375
47,16,4,11,7.93,0.7209090909090908
47,16,5,12,7.62,0.635
47,16,6,4,2.41,0.6025
47,16,7,18,10.49,0.5827777777777778
47,16,8,17,8.96,0.5270588235294118
47,16,9,15,7.69,0.5126666666666667
47,16,10,9,4.17,0.4633333333333333
47,16,11,14,6.12,0.43714285714285717
47,16,12,19,7.12,0.37473684210526315
47,16,13,16,5.63,0.351875
47,16,14,11,3.38,0.30727272727272725
47,16,15,8,2.43,0.30375
47,16,16,10,2.91,0.29100000000000004
47,16,17,20,4.87,0.2435
47,16,18,11,1.94,0.17636363636363636
47,16,19,20,1.75,0.0875
47,30,0,16,72.36,4.5225
47,30,1,12,51.02,4.251666666666667
47,30,2,20,80.05,4.0024999999999995
47,30,3,14,52.94,3.781428571428571
47,30,4,13,47.83,3.6792307692307693
47,30,5,4,12.24,3.06
47,30,6,11,30.96,2.8145454545454545
47,30,7,12,32.07,2.6725
47,30,8,13,30.55,2.35
47,30,9,13,27.04,2.08
47,30,10,1,2.02,2.02
47,30,11,3,5.99,1.9966666666666668
47,30,12,5,8.92,1.784
47,30,13,14,22.21,1.5864285714285715
47,30,14,2,2.72,1.36
47,30,15,3,3.68,1.2266666666666668
47,30,16,7,3.32,0.47428571428571425
47,30,17,1,0.34,0.34
47,30,18,12,3.14,0.26166666666666666
47,30,19,20,4.09,0.2045
47,60,0,5,8.81,1.762
47,60,1,20,34.96,1.748
47,60,2,16,26.45,1.653125
47,60,3,4,6.55,1.6375
47,60,4,4,5.16,1.29
47,60,5,17,21.78,1.2811764705882354
47,60,6,14,17.82,1.272857142857143
47,60,7,19,24.09,1.2678947368421052
47,60,8,10,11.24,1.124
47,60,9,6,5.84,0.9733333333333333
47,60,10,7,6.4,0.9142857142857144
47,60,11,10,9.04,0.9039999999999999
47,60,12,5,4.07,0.8140000000000001
47,60,13,12,9.63,0.8025000000000001
47,60,14,1,0.69,0.69
47,60,15,13,6.55,0.5038461538461538
47,60,16,19,5.84,0.30736842105263157
47,60,17,11,2.24,0.20363636363636364
47,60,18,3,0.6,0.19999999999999998
47,60,19,14,1.85,0.13214285714285715
47,69,0,12,19.52,1.6266666666666667
47,69,1,13,20.65,1.5884615384615384
47,69,2,1,1.5,1.5
47,69,3,19,27.14,1.428421052631579
47,69,4,19,26.28,1.3831578947368421
47,69,5,4,5.52,1.38
47,69,6,16,22.01,1.375625
47,69,7,11,11.99,1.09
47,69,8,2,2.17,1.085
47,69,9,17,15.27,0.898235294117647
47,69,10,18,12.52,0.6955555555555555
47,69,11,18,11.61,0.645
47,69,12,17,10.71,0.63
47,69,13,19,10.27,0.5405263157894736
47,69,14,6,2.61,0.435
47,69,15,17,7.25,0.4264705882352941
47,69,16,19,8.08,0.42526315789473684
47,69,17,17,6.62,0.38941176470588235
47,69,18,11,4.26,0.38727272727272727
47,69,19,19,5.27,0.27736842105263154
47,74,0,4,18.14,4.535
47,74,1,4,17.97,4.4925
47,74,2,16,67.67,4.229375
47,74,3,11,39.43,3.5845454545454545
47,74,4,2,7.07,3.535
47,74,5,10,31.09,3.109
47,74,6,12,36.19,3.015833333333333
47,74,7,17,34.55,2.0323529411764705
47,74,8,12,23.95,1.9958333333333333
47,74,9,8,15.79,1.97375
47,74,10,2,3.42,1.71
47,74,11,7,11.58,1.6542857142857144
47,74,12,6,9.08,1.5133333333333334
47,74,13,12,16.95,1.4124999999999999
47,74,14,6,7.98,1.33
47,74,15,2,2.58,1.29
47,74,16,7,8.5,1.2142857142857142
47,74,17,7,8.34,1.1914285714285715
47,74,18,7,7.31,1.0442857142857143
47,74,19,15,14.91,0.994
47,75,0,17,34.47,2.027647058823529
47,75,1,17,31.54,1.8552941176470588
47,75,2,5,8.92,1.784
47,75,3,5,8.8,1.7600000000000002
47,75,4,3,4.9,1.6333333333333335
47,75,5,6,8.59,1.4316666666666666
47,75,6,16,21.18,1.32375
47,75,7,6,7.93,1.3216666666666665
47,75,8,5,6.17,1.234
47,75,9,15,15.74,1.0493333333333335
47,75,10,20,20.71,1.0355
47,75,11,18,16.56,0.9199999999999999
47,75,12,12,10.6,0.8833333333333333
47,75,13,17,14.62,0.86
47,75,14,15,12.31,0.8206666666666667
47,75,15,4,3.08,0.77
47,75,16,14,10.51,0.7507142857142857
47,75,17,16,8.32,0.52
47,75,18,19,8.18,0.43052631578947365
47,75,19,6,1.85,0.30833333333333335
47,77,0,10,41.84,4.184
47,77,1,11,45.62,4.147272727272727
47,77,2,19,76.9,4.0473684210526315
47,77,3,14,53.26,3.8042857142857143
47,77,4,13,42.53,3.2715384615384617
47,77,5,14,43.71,3.1221428571428573
47,77,6,7,20.18,2.882857142857143
47,77,7,18,49.51,2.7505555555555556
47,77,8,2,5.41,2.705
47,77,9,12,31.67,2.6391666666666667
47,77,10,7,18.33,2.6185714285714283
47,77,11,11,28.4,2.5818181818181816
47,77,12,14,36.07,2.5764285714285715
47,77,13,10,25.28,2.528
47,77,14,13,28.57,2.1976923076923076
47,77,15,12,24.16,2.013333333333333
47,77,16,15,27.08,1.8053333333333332
47,77,17,8,11.69,1.46125
47,77,18,16,14.86,0.92875
47,77,19,12,7.73,0.6441666666666667
47,80,0,12,43.9,3.658333333333333
47,80,1,17,61.25,3.6029411764705883
47,80,2,8,28.66,3.5825
47,80,3,11,37.85,3.440909090909091
47,80,4,13,43.11,3.316153846153846
47,80,5,4,13.26,3.315
47,80,6,9,27.3,3.033333333333333
47,80,7,5,14.43,2.886
47,80,8,9,23.8,2.6444444444444444
47,80,9,2,4.72,2.36
47,80,10,18,37.98,2.11
47,80,11,4,7.55,1.8875
47,80,12,17,22.12,1.3011764705882354
47,80,13,6,6.7,1.1166666666666667
47,80,14,8,8.41,1.05125
47,80,15,4,3.69,0.9225
47,80,16,7,5.29,0.7557142857142857
47,80,17,14,9.65,0.6892857142857143
47,80,18,6,3.52,0.5866666666666667
47,80,19,9,3.53,0.3922222222222222
60,8,0,8,34.59,4.32375
60,8,1,11,47.1,4.281818181818182
60,8,2,7,26.24,3.748571428571428
60,8,3,11,40.34,3.6672727272727275
60,8,4,15,49.72,3.3146666666666667
60,8,5,17,43.52,2.56
60,8,6,18,45.92,2.551111111111111
60,8,7,5,11.52,2.304
60,8,8,19,37.58,1.9778947368421052
60,8,9,18,23.82,1.3233333333333333
60,8,10,16,20.98,1.31125
60,8,11,14,17.65,1.2607142857142857
60,8,12,12,15.11,1.2591666666666665
60,8,13,6,6.55,1.0916666666666666
60,8,14,1,1.07,1.07
60,8,15,12,12.36,1.03
60,8,16,2,1.78,0.89
60,8,17,5,4.36,0.8720000000000001
60,8,18,13,10.71,0.8238461538461539
60,8,19,17,12.52,0.7364705882352941
60,16,0,11,23.4,2.127272727272727
60,16,1,20,37.52,1.8760000000000001
60,16,2,6,10.82,1.8033333333333335
60,16,3,3,4.89,1.63
60,16,4,11,17.87,1.6245454545454547
60,16,5,15,21.66,1.444
60,16,6,3,3.83,1.2766666666666666
60,16,7,18,21.28,1.1822222222222223
60,16,8,20,23.53,1.1765
60,16,9,17,17.86,1.0505882352941176
60,16,10,7,7.31,1.0442857142857143
60,16,11,2,1.84,0.92
60,16,12,18,16.55,0.9194444444444445
60,16,13,14,7.23,0.5164285714285715
60,16,14,10,4.64,0.46399999999999997
60,16,15,9,3.9,0.43333333333333335
60,16,16,12,4.18,0.34833333333333333
60,16,17,5,1.66,0.33199999999999996
60,16,18,20,5.91,0.2955
60,16,19,1,0.27,0.27
60,30,0,11,43.58,3.9618181818181815
60,30,1,19,72.15,3.797368421052632
60,30,2,14,36.79,2.6278571428571427
60,30,3,1,2.44,2.44
60,30,4,4,9.1,2.275
60,30,5,7,15.27,2.1814285714285715
60,30,6,19,40.64,2.1389473684210527
60,30,7,15,31.48,2.098666666666667
60,30,8,15,28.71,1.9140000000000001
60,30,9,5,9.3,1.86
60,30,10,20,32.77,1.6385
60,30,11,1,1.5,1.5
60,30,12,5,6.78,1.356
60,30,13,4,5.05,1.2625
60,30,14,20,22.11,1.1055
60,30,15,8,7.38,0.9225
60,30,16,3,2.55,0.85
60,30,17,8,6.18,0.7725
60,30,18,13,6.93,0.533076923076923
60,30,19,4,1.03,0.2575
60,47,0,17,29.28,1.7223529411764706
60,47,1,10,15.95,1.595
60,47,2,17,25.4,1.4941176470588236
60,47,3,6,8.92,1.4866666666666666
60,47,4,8,11.83,1.47875
60,47,5,10,12.62,1.262
60,47,6,12,12.89,1.0741666666666667
60,47,7,16,16.13,1.008125
60,47,8,1,0.97,0.97
60,47,9,3,2.54,0.8466666666666667
60,47,10,10,6.55,0.655
60,47,11,7,3.7,0.5285714285714286
60,47,12,17,6.75,0.39705882352941174
60,47,13,17,5.81,0.3417647058823529
60,47,14,10,3.1,0.31
60,47,15,2,0.59,0.295
60,47,16,16,3.32,0.2075
60,47,17,1,0.19,0.19
60,47,18,1,0.17,0.17
60,47,19,14,1.64,0.11714285714285713
60,69,0,8,2.56,0.32
60,69,1,16,4.91,0.306875
60,69,2,16,4.76,0.2975
60,69,3,9,2.29,0.2544444444444445
60,69,4,16,3.91,0.244375
60,69,5,16,3.83,0.239375
60,69,6,14,3.05,0.21785714285714283
60,69,7,4,0.85,0.2125
60,69,8,2,0.4,0.2
60,69,9,11,2.17,0.19727272727272727
60,69,10,11,2.17,0.19727272727272727
60,69,11,11,2.03,0.18454545454545454
60,69,12,10,1.7,0.16999999999999998
60,69,13,13,1.9,0.14615384615384613
60,69,14,8,1.05,0.13125
60,69,15,3,0.37,0.12333333333333334
60,69,16,1,0.11,0.11
60,69,17,9,0.68,0.07555555555555556
60,69,18,6,0.23,0.03833333333333334
60,69,19,17,0.25,0.014705882352941176
60,74,0,4,23.63,5.9075
60,74,1,6,33.2,5.533333333333334
60,74,2,6,33.15,5.5249999999999995
60,74,3,7,32.69,4.67
60,74,4,2,7.96,3.98
60,74,5,1,3.95,3.95
60,74,6,4,14.95,3.7375
60,74,7,7,24.62,3.5171428571428573
60,74,8,14,49.11,3.507857142857143
60,74,9,13,40.94,3.149230769230769
60,74,10,13,39.1,3.0076923076923077
60,74,11,7,20.89,2.9842857142857144
60,74,12,18,49.39,2.743888888888889
60,74,13,11,26.65,2.4227272727272724
60,74,14,2,4.7,2.35
60,74,15,13,30.48,2.3446153846153845
60,74,16,13,23.62,1.816923076923077
60,74,17,15,25.75,1.7166666666666666
60,74,18,8,8.32,1.04
60,74,19,11,8.89,0.8081818181818182
60,75,0,14,45.36,3.2399999999999998
60,75,1,7,21.69,3.0985714285714288
60,75,2,5,14.86,2.972
60,75,3,17,50.14,2.949411764705882
60,75,4,8,22.91,2.86375
60,75,5,1,1.98,1.98
60,75,6,10,18.52,1.8519999999999999
60,75,7,15,26.12,1.7413333333333334
60,75,8,14,23.67,1.6907142857142858
60,75,9,5,6.86,1.372
60,75,10,3,3.52,1.1733333333333333
60,75,11,11,12.36,1.1236363636363635
60,75,12,4,4.06,1.015
60,75,13,1,0.93,0.93
60,75,14,13,11.63,0.8946153846153847
60,75,15,11,9.34,0.8490909090909091
60,75,16,6,4.84,0.8066666666666666
60,75,17,13,10.43,0.8023076923076923
60,75,18,3,2.34,0.7799999999999999
60,75,19,4,1.83,0.4575
60,77,0,8,38.81,4.85125
60,77,1,7,32.96,4.708571428571429
60,77,2,10,43.25,4.325
60,77,3,9,38.55,4.283333333333333
60,77,4,10,42.66,4.266
60,77,5,3,12.43,4.1433333333333335
60,77,6,18,73.66,4.092222222222222
60,77,7,10,40.56,4.056
60,77,8,13,48.95,3.7653846153846158
60,77,9,2,5.72,2.86
60,77,10,15,34.96,2.3306666666666667
60,77,11,5,9.6,1.92
60,77,12,7,12.28,1.7542857142857142
60,77,13,13,19.86,1.5276923076923077
60,77,14,19,26.42,1.3905263157894738
60,77,15,18,22.29,1.2383333333333333
60,77,16,12,14.64,1.22
60,77,17,17,20.47,1.2041176470588235
60,77,18,3,2.21,0.7366666666666667
60,77,19,13,2.8,0.21538461538461537
60,80,0,15,42.53,2.8353333333333333
60,80,1,1,2.66,2.66
60,80,2,12,29.1,2.4250000000000003
60,80,3,4,8.99,2.2475
60,80,4,12,24.17,2.0141666666666667
60,80,5,4,7.08,1.77
60,80,6,11,19.47,1.7699999999999998
60,80,7,11,17.92,1.6290909090909091
60,80,8,16,25.17,1.573125
60,80,9,1,1.44,1.44
60,80,10,6,8.58,1.43
60,80,11,11,15.62,1.42
60,80,12,3,3.67,1.2233333333333334
60,80,13,15,17.05,1.1366666666666667
60,80,14,11,11.56,1.050909090909091
60,80,15,16,13.95,0.871875
60,80,16,6,4.34,0.7233333333333333
60,80,17,17,11.1,0.6529411764705882
60,80,18,2,0.85,0.425
60,80,19,4,0.72,0.18
69,8,0,2,8.33,4.165
69,8,1,1,4.15,4.15
69,8,2,4,15.15,3.7875
69,8,3,8,28.82,3.6025
69,8,4,7,24.79,3.5414285714285714
69,8,5,16,54.41,3.400625
69,8,6,18,57.21,3.1783333333333332
69,8,7,15,43.77,2.918
69,8,8,3,8.62,2.873333333333333
69,8,9,12,28.38,2.3649999999999998
69,8,10,1,2.09,2.09
69,8,11,17,34.05,2.0029411764705882
69,8,12,9,12.99,1.4433333333333334
69,8,13,10,9.25,0.925
69,8,14,6,5.28,0.88
69,8,15,18,11.43,0.635
69,8,16,6,3.62,0.6033333333333334
69,8,17,9,4.56,0.5066666666666666
69,8,18,7,2.59,0.37
69,8,19,11,3.14,0.28545454545454546
69,16,0,17,34.41,2.0241176470588234
69,16,1,10,19.6,1.9600000000000002
69,16,2,1,1.96,1.96
69,16,3,15,25.62,1.708
69,16,4,11,17.7,1.6090909090909091
69,16,5,18,26.91,1.495
69,16,6,6,7.65,1.2750000000000001
69,16,7,12,12.7,1.0583333333333333
69,16,8,11,11.47,1.0427272727272727
69,16,9,19,19.69,1.0363157894736843
69,16,10,17,16.7,0.9823529411764705
69,16,11,11,9.24,0.84
69,16,12,7,5.6,0.7999999999999999
69,16,13,18,14.08,0.7822222222222223
69,16,14,20,15.02,0.751
69,16,15,13,8.0,0.6153846153846154
69,16,16,1,0.56,0.56
69,16,17,16,6.2,0.3875
69,16,18,10,2.6,0.26
69,16,19,15,2.59,0.17266666666666666
69,30,0,7,27.31,3.9014285714285712
69,30,1,18,69.19,3.843888888888889
69,30,2,7,25.21,3.6014285714285714
69,30,3,3,10.39,3.4633333333333334
69,30,4,16,53.07,3.316875
69,30,5,13,40.62,3.1246153846153844
69,30,6,9,27.57,3.0633333333333335
69,30,7,2,5.6,2.8
69,30,8,16,37.38,2.33625
69,30,9,15,34.72,2.3146666666666667
69,30,10,20,40.29,2.0145
69,30,11,12,23.45,1.9541666666666666
69,30,12,17,32.53,1.913529411764706
69,30,13,15,26.58,1.7719999999999998
69,30,14,6,8.21,1.3683333333333334
69,30,15,20,23.78,1.189
69,30,16,6,5.93,0.9883333333333333
69,30,17,3,2.75,0.9166666666666666
69,30,18,10,5.22,0.522
69,30,19,12,2.39,0.1991666666666667
69,47,0,6,9.33,1.555
69,47,1,2,3.03,1.515
69,47,2,10,14.31,1.431
69,47,3,11,14.41,1.31
69,47,4,17,19.25,1.1323529411764706
69,47,5,12,13.37,1.1141666666666665
69,47,6,6,6.36,1.06
69,47,7,19,18.3,0.9631578947368421
69,47,8,10,8.43,0.843
69,47,9,17,13.98,0.8223529411764706
69,47,10,8,6.31,0.78875
69,47,11,1,0.58,0.58
69,47,12,1,0.35,0.35
69,47,13,4,1.35,0.3375
69,47,14,16,5.07,0.316875
69,47,15,19,4.84,0.25473684210526315
69,47,16,18,3.31,0.18388888888888888
69,47,17,8,1.35,0.16875
69,47,18,18,2.2,0.12222222222222223
69,47,19,9,0.6,0.06666666666666667
69,60,0,6,1.85,0.30833333333333335
69,60,1,12,3.33,0.2775
69,60,2,3,0.82,0.2733333333333333
69,60,3,13,3.53,0.2715384615384615
69,60,4,14,3.45,0.24642857142857144
69,60,5,17,3.53,0.2076470588235294
69,60,6,12,2.29,0.19083333333333333
69,60,7,12,2.29,0.19083333333333333
69,60,8,10,1.85,0.185
69,60,9,8,1.27,0.15875
69,60,10,5,0.76,0.152
69,60,11,9,1.27,0.1411111111111111
69,60,12,4,0.55,0.1375
69,60,13,2,0.27,0.135
69,60,14,18,1.5,0.08333333333333333
69,60,15,11,0.62,0.056363636363636366
69,60,16,12,0.61,0.050833333333333335
69,60,17,20,0.75,0.0375
69,60,18,13,0.4,0.03076923076923077
69,60,19,2,0.03,0.015
69,74,0,16,91.86,5.74125
69,74,1,2,11.13,5.565
69,74,2,1,5.45,5.45
69,74,3,15,78.02,5.201333333333333
69,74,4,12,62.11,5.175833333333333
69,74,5,13,63.94,4.918461538461538
69,74,6,13,58.55,4.503846153846154
69,74,7,6,26.74,4.456666666666666
69,74,8,13,50.75,3.9038461538461537
69,74,9,17,60.03,3.5311764705882354
69,74,10,6,17.78,2.9633333333333334
69,74,11,13,30.07,2.313076923076923
69,74,12,20,44.76,2.238
69,74,13,12,22.23,1.8525
69,74,14,1,1.61,1.61
69,74,15,17,26.22,1.5423529411764705
69,74,16,6,9.11,1.5183333333333333
69,74,17,12,15.2,1.2666666666666666
69,74,18,7,7.05,1.0071428571428571
69,74,19,13,9.79,0.753076923076923
69,75,0,10,30.23,3.023
69,75,1,4,12.06,3.015
69,75,2,2,5.86,2.93
69,75,3,11,30.0,2.727272727272727
69,75,4,7,18.83,2.69
69,75,5,12,32.22,2.685
69,75,6,7,15.92,2.2742857142857145
69,75,7,9,20.36,2.2622222222222224
69,75,8,1,2.06,2.06
69,75,9,13,26.56,2.043076923076923
69,75,10,7,14.28,2.04
69,75,11,13,26.28,2.0215384615384617
69,75,12,7,11.63,1.6614285714285715
69,75,13,12,19.72,1.6433333333333333
69,75,14,4,6.53,1.6325
69,75,15,9,12.99,1.4433333333333334
69,75,16,19,25.42,1.3378947368421052
69,75,17,19,22.57,1.1878947368421053
69,75,18,12,10.63,0.8858333333333334
69,75,19,14,8.05,0.5750000000000001
69,77,0,14,63.54,4.538571428571428
69,77,1,14,58.56,4.182857142857143
69,77,2,6,24.81,4.135
69,77,3,16,63.39,3.961875
69,77,4,19,74.8,3.9368421052631577
69,77,5,19,66.28,3.488421052631579
69,77,6,12,39.74,3.311666666666667
69,77,7,2,5.87,2.935
69,77,8,20,57.5,2.875
69,77,9,3,7.42,2.473333333333333
69,77,10,19,41.09,2.1626315789473685
69,77,11,20,42.33,2.1165
69,77,12,10,17.27,1.7269999999999999
69,77,13,13,19.23,1.4792307692307693
69,77,14,8,7.94,0.9925
69,77,15,17,14.43,0.8488235294117646
69,77,16,12,9.79,0.8158333333333333
69,77,17,16,9.77,0.610625
69,77,18,7,3.86,0.5514285714285714
69,77,19,12,3.15,0.2625
69,80,0,2,5.93,2.965
69,80,1,11,28.62,2.601818181818182
69,80,2,3,7.76,2.5866666666666664
69,80,3,4,9.89,2.4725
69,80,4,14,33.03,2.3592857142857144
69,80,5,9,20.66,2.2955555555555556
69,80,6,10,20.52,2.052
69,80,7,7,13.39,1.912857142857143
69,80,8,8,14.26,1.7825
69,80,9,3,5.19,1.7300000000000002
69,80,10,19,31.72,1.6694736842105262
69,80,11,6,9.9,1.6500000000000001
69,80,12,17,24.25,1.4264705882352942
69,80,13,9,12.39,1.3766666666666667
69,80,14,7,8.51,1.2157142857142857
69,80,15,4,3.52,0.88
69,80,16,4,2.78,0.695
69,80,17,3,1.81,0.6033333333333334
69,80,18,4,1.01,0.2525
69,80,19,19,2.37,0.12473684210526316
74,8,0,18,28.27,1.5705555555555555
74,8,1,2,2.91,1.455
74,8,2,12,17.41,1.4508333333333334
74,8,3,8,11.58,1.4475
74,8,4,6,8.3,1.3833333333333335
74,8,5,18,23.17,1.2872222222222223
74,8,6,4,5.11,1.2775
74,8,7,11,12.8,1.1636363636363638
74,8,8,8,8.64,1.08
74,8,9,8,8.36,1.045
74,8,10,16,13.65,0.853125
74,8,11,9,6.32,0.7022222222222223
74,8,12,1,0.53,0.53
74,8,13,15,6.88,0.45866666666666667
74,8,14,7,2.48,0.35428571428571426
74,8,15,6,1.9,0.31666666666666665
74,8,16,5,1.44,0.288
74,8,17,6,1.22,0.20333333333333334
74,8,18,12,2.16,0.18000000000000002
74,8,19,20,2.13,0.1065
74,16,0,13,48.69,3.7453846153846153
74,16,1,20,69.16,3.4579999999999997
74,16,2,20,63.63,3.1815
74,16,3,4,12.47,3.1175
74,16,4,8,20.81,2.60125
74,16,5,19,46.93,2.47
74,16,6,12,28.16,2.3466666666666667
74,16,7,8,17.34,2.1675
74,16,8,11,20.84,1.8945454545454545
74,16,9,5,9.44,1.888
74,16,10,12,15.88,1.3233333333333335
74,16,11,15,18.52,1.2346666666666666
74,16,12,17,19.45,1.1441176470588235
74,16,13,6,6.19,1.0316666666666667
74,16,14,15,15.43,1.0286666666666666
74,16,15,13,7.48,0.5753846153846154
74,16,16,6,2.9,0.48333333333333334
74,16,17,16,4.23,0.264375
74,16,18,14,3.54,0.25285714285714284
74,16,19,2,0.46,0.23
74,30,0,20,113.53,5.6765
74,30,1,17,94.31,5.54764705882353
74,30,2,1,4.94,4.94
74,30,3,14,58.35,4.167857142857143
74,30,4,10,40.15,4.015
74,30,5,11,43.9,3.9909090909090907
74,30,6,3,10.84,3.6133333333333333
74,30,7,17,55.16,3.244705882352941
74,30,8,18,39.05,2.1694444444444443
74,30,9,3,5.99,1.9966666666666668
74,30,10,13,24.92,1.916923076923077
74,30,11,19,35.71,1.8794736842105264
74,30,12,7,10.14,1.4485714285714286
74,30,13,19,26.68,1.4042105263157894
74,30,14,3,3.66,1.22
74,30,15,11,11.98,1.089090909090909
74,30,16,13,14.11,1.0853846153846154
74,30,17,9,6.16,0.6844444444444444
74,30,18,13,6.58,0.5061538461538462
74,30,19,4,1.52,0.38
74,47,0,3,13.31,4.4366666666666665
74,47,1,11,46.94,4.267272727272727
74,47,2,10,38.75,3.875
74,47,3,13,47.24,3.633846153846154
74,47,4,19,66.25,3.486842105263158
74,47,5,9,31.22,3.468888888888889
74,47,6,20,61.0,3.05
74,47,7,13,39.25,3.019230769230769
74,47,8,14,41.08,2.934285714285714
74,47,9,17,47.55,2.7970588235294116
74,47,10,13,34.63,2.663846153846154
74,47,11,6,15.22,2.5366666666666666
74,47,12,8,18.37,2.29625
74,47,13,19,38.3,2.0157894736842104
74,47,14,15,28.77,1.918
74,47,15,16,15.12,0.945
74,47,16,5,4.51,0.9019999999999999
74,47,17,10,6.42,0.642
74,47,18,10,5.56,0.5559999999999999
74,47,19,19,3.89,0.20473684210526316
74,60,0,19,112.67,5.93
74,60,1,13,75.36,5.796923076923077
74,60,2,12,65.94,5.495
74,60,3,19,102.34,5.386315789473684
74,60,4,20,97.8,4.89
74,60,5,14,66.87,4.776428571428572
74,60,6,5,23.04,4.608
74,60,7,4,16.62,4.155
74,60,8,2,7.99,3.995
74,60,9,6,23.81,3.9683333333333333
74,60,10,12,46.32,3.86
74,60,11,4,14.48,3.62
74,60,12,14,45.47,3.2478571428571428
74,60,13,14,39.83,2.8449999999999998
74,60,14,10,23.42,2.342
74,60,15,15,29.5,1.9666666666666666
74,60,16,16,23.43,1.464375
74,60,17,8,10.15,1.26875
74,60,18,10,6.67,0.667
74,60,19,2,0.97,0.485
74,69,0,8,44.46,5.5575
74,69,1,2,10.36,5.18
74,69,2,14,62.91,4.493571428571428
74,69,3,11,49.04,4.458181818181818
74,69,4,11,38.5,3.5
74,69,5,3,8.77,2.9233333333333333
74,69,6,8,19.03,2.37875
74,69,7,7,16.54,2.3628571428571425
74,69,8,11,21.92,1.992727272727273
74,69,9,1,1.93,1.93
74,69,10,19,34.26,1.803157894736842
74,69,11,13,21.14,1.6261538461538463
74,69,12,4,6.5,1.625
74,69,13,1,1.62,1.62
74,69,14,18,18.03,1.0016666666666667
74,69,15,11,9.47,0.860909090909091
74,69,16,1,0.7,0.7
74,69,17,4,2.47,0.6175
74,69,18,18,8.92,0.4955555555555555
74,69,19,13,3.6,0.27692307692307694
74,75,0,11,28.51,2.591818181818182
74,75,1,11,28.11,2.555454545454545
74,75,2,3,7.65,2.5500000000000003
74,75,3,11,26.27,2.388181818181818
74,75,4,11,24.92,2.2654545454545456
74,75,5,10,18.1,1.81
74,75,6,19,29.27,1.5405263157894737
74,75,7,5,6.95,1.3900000000000001
74,75,8,6,7.89,1.315
74,75,9,6,7.2,1.2
74,75,10,4,4.77,1.1925
74,75,11,12,13.52,1.1266666666666667
74,75,12,17,15.34,0.9023529411764706
74,75,13,19,14.6,0.7684210526315789
74,75,14,12,8.72,0.7266666666666667
74,75,15,5,3.24,0.648
74,75,16,7,4.09,0.5842857142857143
74,75,17,11,6.37,0.5790909090909091
74,75,18,7,2.77,0.39571428571428574
74,75,19,8,2.55,0.31875
74,77,0,16,26.04,1.6275
74,77,1,9,13.98,1.5533333333333335
74,77,2,4,5.76,1.44
74,77,3,2,2.8,1.4
74,77,4,12,16.35,1.3625
74,77,5,7,8.28,1.1828571428571428
74,77,6,7,8.22,1.1742857142857144
74,77,7,9,8.92,0.991111111111111
74,77,8,17,14.65,0.861764705882353
74,77,9,19,14.66,0.771578947368421
74,77,10,2,1.32,0.66
74,77,11,6,3.65,0.6083333333333333
74,77,12,10,6.05,0.605
74,77,13,12,7.18,0.5983333333333333
74,77,14,15,8.32,0.5546666666666666
74,77,15,8,4.43,0.55375
74,77,16,1,0.46,0.46
74,77,17,16,6.84,0.4275
74,77,18,5,0.74,0.148
74,77,19,9,0.64,0.07111111111111111
74,80,0,19,96.64,5.086315789473685
74,80,1,3,13.83,4.61
74,80,2,14,64.43,4.602142857142858
74,80,3,10,44.94,4.494
74,80,4,8,35.1,4.3875
74,80,5,4,17.37,4.3425
74,80,6,3,12.23,4.076666666666667
74,80,7,3,12.19,4.0633333333333335
74,80,8,5,18.7,3.7399999999999998
74,80,9,15,52.79,3.5193333333333334
74,80,10,4,13.81,3.4525
74,80,11,12,37.42,3.1183333333333336
74,80,12,10,21.59,2.159
74,80,13,5,8.73,1.746
74,80,14,11,17.45,1.5863636363636362
74,80,15,15,22.07,1.4713333333333334
74,80,16,17,21.48,1.263529411764706
74,80,17,9,9.72,1.08
74,80,18,19,15.43,0.8121052631578948
74,80,19,17,4.88,0.28705882352941176
75,8,0,6,6.56,1.0933333333333333
75,8,1,17,16.8,0.9882352941176471
75,8,2,18,17.43,0.9683333333333333
75,8,3,10,8.57,0.857
75,8,4,17,14.15,0.8323529411764706
75,8,5,11,8.95,0.8136363636363636
75,8,6,7,5.56,0.7942857142857143
75,8,7,20,15.55,0.7775000000000001
75,8,8,7,5.37,0.7671428571428571
75,8,9,17,12.42,0.7305882352941176
75,8,10,3,1.68,0.5599999999999999
75,8,11,15,8.28,0.5519999999999999
75,8,12,2,1.07,0.535
75,8,13,1,0.51,0.51
75,8,14,17,8.09,0.4758823529411765
75,8,15,15,5.18,0.3453333333333333
75,8,16,3,0.79,0.26333333333333336
75,8,17,9,2.19,0.24333333333333332
75,8,18,8,1.31,0.16375
75,8,19,12,0.87,0.0725
75,16,0,9,8.91,0.99
75,16,1,15,13.56,0.904
75,16,2,12,10.82,0.9016666666666667
75,16,3,5,4.18,0.836
75,16,4,11,9.15,0.8318181818181819
75,16,5,1,0.82,0.82
75,16,6,20,14.16,0.708
75,16,7,19,11.7,0.6157894736842104
75,16,8,15,8.29,0.5526666666666666
75,16,9,8,4.32,0.54
75,16,10,20,10.69,0.5345
75,16,11,16,8.4,0.525
75,16,12,9,4.49,0.49888888888888894
75,16,13,2,0.83,0.415
75,16,14,15,5.54,0.36933333333333335
75,16,15,17,5.69,0.3347058823529412
75,16,16,11,2.39,0.21727272727272728
75,16,17,11,2.25,0.20454545454545456
75,16,18,20,2.9,0.145
75,16,19,17,2.42,0.14235294117647057
75,30,0,7,31.16,4.451428571428571
75,30,1,10,37.33,3.7329999999999997
75,30,2,15,48.33,3.222
75,30,3,11,35.12,3.1927272727272724
75,30,4,13,41.2,3.1692307692307695
75,30,5,10,30.1,3.0100000000000002
75,30,6,16,43.8,2.7375
75,30,7,11,29.78,2.7072727272727275
75,30,8,17,40.97,2.41
75,30,9,1,2.34,2.34
75,30,10,20,42.19,2.1094999999999997
75,30,11,17,33.89,1.993529411764706
75,30,12,18,31.94,1.7744444444444445
75,30,13,11,18.42,1.6745454545454548
75,30,14,13,17.46,1.343076923076923
75,30,15,13,16.72,1.286153846153846
75,30,16,4,3.86,0.965
75,30,17,8,6.63,0.82875
75,30,18,19,7.64,0.40210526315789474
75,30,19,1,0.27,0.27
75,47,0,19,38.22,2.011578947368421
75,47,1,14,27.06,1.9328571428571428
75,47,2,5,9.37,1.8739999999999999
75,47,3,15,27.29,1.8193333333333332
75,47,4,9,13.75,1.5277777777777777
75,47,5,12,17.25,1.4375
75,47,6,7,9.81,1.4014285714285715
75,47,7,15,20.55,1.37
75,47,8,18,24.23,1.346111111111111
75,47,9,12,16.05,1.3375000000000001
75,47,10,14,17.72,1.2657142857142856
75,47,11,11,13.7,1.2454545454545454
75,47,12,5,6.13,1.226
75,47,13,7,5.74,0.8200000000000001
75,47,14,4,3.05,0.7625
75,47,15,16,10.92,0.6825
75,47,16,18,8.18,0.45444444444444443
75,47,17,4,1.71,0.4275
75,47,18,12,4.0,0.3333333333333333
75,47,19,15,4.13,0.2753333333333333
75,60,0,16,49.35,3.084375
75,60,1,1,2.83,2.83
75,60,2,8,22.42,2.8025
75,60,3,2,5.58,2.79
75,60,4,13,35.62,2.7399999999999998
75,60,5,20,52.93,2.6465
75,60,6,7,14.92,2.1314285714285712
75,60,7,15,29.58,1.972
75,60,8,20,35.54,1.777
75,60,9,15,23.22,1.5479999999999998
75,60,10,12,18.53,1.5441666666666667
75,60,11,1,1.48,1.48
75,60,12,19,24.89,1.31
75,60,13,15,18.85,1.2566666666666668
75,60,14,7,7.71,1.1014285714285714
75,60,15,15,16.24,1.0826666666666667
75,60,16,12,12.58,1.0483333333333333
75,60,17,9,5.66,0.6288888888888889
75,60,18,4,1.15,0.2875
75,60,19,11,1.59,0.14454545454545456
75,69,0,17,48.66,2.8623529411764705
75,69,1,3,8.58,2.86
75,69,2,16,44.14,2.75875
75,69,3,5,12.81,2.5620000000000003
75,69,4,2,5.07,2.535
75,69,5,16,37.89,2.368125
75,69,6,1,2.33,2.33
75,69,7,8,18.49,2.31125
75,69,8,9,20.52,2.28
75,69,9,14,28.59,2.0421428571428573
75,69,10,1,1.91,1.91
75,69,11,5,8.09,1.6179999999999999
75,69,12,2,3.11,1.555
75,69,13,19,22.34,1.1757894736842105
75,69,14,14,15.4,1.1
75,69,15,20,20.84,1.042
75,69,16,15,14.96,0.9973333333333334
75,69,17,15,14.67,0.978
75,69,18,7,3.53,0.5042857142857142
75,69,19,9,3.08,0.3422222222222222
75,74,0,1,2.68,2.68
75,74,1,3,6.97,2.3233333333333333
75,74,2,17,34.72,2.0423529411764707
75,74,3,8,15.7,1.9625
75,74,4,19,35.2,1.8526315789473686
75,74,5,18,32.94,1.8299999999999998
75,74,6,9,15.92,1.768888888888889
75,74,7,7,10.87,1.5528571428571427
75,74,8,5,7.5,1.5
75,74,9,3,4.21,1.4033333333333333
75,74,10,17,22.98,1.351764705882353
75,74,11,11,13.32,1.210909090909091
75,74,12,18,19.55,1.0861111111111112
75,74,13,11,11.18,1.0163636363636364
75,74,14,1,0.95,0.95
75,74,15,7,6.56,0.937142857142857
75,74,16,5,4.67,0.9339999999999999
75,74,17,19,14.9,0.7842105263157895
75,74,18,19,6.57,0.34578947368421054
75,74,19,18,5.8,0.3222222222222222
75,77,0,17,37.31,2.1947058823529413
75,77,1,16,34.47,2.154375
75,77,2,2,3.97,1.985
75,77,3,7,13.52,1.9314285714285713
75,77,4,8,14.96,1.87
75,77,5,12,22.2,1.8499999999999999
75,77,6,14,23.85,1.7035714285714287
75,77,7,18,28.23,1.5683333333333334
75,77,8,7,10.1,1.4428571428571428
75,77,9,7,9.56,1.3657142857142859
75,77,10,18,23.88,1.3266666666666667
75,77,11,19,20.29,1.0678947368421052
75,77,12,7,7.23,1.032857142857143
75,77,13,14,14.1,1.0071428571428571
75,77,14,20,18.94,0.9470000000000001
75,77,15,12,11.31,0.9425
75,77,16,19,16.7,0.8789473684210526
75,77,17,11,9.57,0.87
75,77,18,15,8.39,0.5593333333333333
75,77,19,20,4.68,0.23399999999999999
75,80,0,16,50.98,3.18625
75,80,1,20,60.98,3.049
75,80,2,19,56.57,2.9773684210526317
75,80,3,17,47.68,2.804705882352941
75,80,4,9,24.56,2.7288888888888887
75,80,5,16,43.37,2.710625
75,80,6,9,23.37,2.5966666666666667
75,80,7,9,22.86,2.54
75,80,8,10,24.26,2.426
75,80,9,18,33.89,1.8827777777777779
75,80,10,12,20.43,1.7025
75,80,11,19,31.86,1.676842105263158
75,80,12,20,28.57,1.4285
75,80,13,18,25.15,1.3972222222222221
75,80,14,6,8.01,1.335
75,80,15,14,18.26,1.3042857142857145
75,80,16,7,6.31,0.9014285714285714
75,80,17,4,1.8,0.45
75,80,18,1,0.37,0.37
75,80,19,19,3.86,0.2031578947368421
77,8,0,14,19.0,1.3571428571428572
77,8,1,20,25.91,1.2955
77,8,2,7,8.78,1.2542857142857142
77,8,3,3,3.5,1.1666666666666667
77,8,4,20,22.85,1.1425
77,8,5,13,14.69,1.13
77,8,6,4,4.43,1.1075
77,8,7,10,10.0,1.0
77,8,8,8,7.92,0.99
77,8,9,15,14.78,0.9853333333333333
77,8,10,19,14.81,0.7794736842105263
77,8,11,20,9.98,0.499
77,8,12,5,2.37,0.47400000000000003
77,8,13,16,6.62,0.41375
77,8,14,2,0.8,0.4
77,8,15,11,3.9,0.35454545454545455
77,8,16,11,3.72,0.3381818181818182
77,8,17,20,5.94,0.29700000000000004
77,8,18,4,0.62,0.155
77,8,19,9,0.5,0.05555555555555555
77,16,0,12,42.77,3.564166666666667
77,16,1,9,31.13,3.4588888888888887
77,16,2,12,41.11,3.4258333333333333
77,16,3,4,12.34,3.085
77,16,4,3,9.13,3.0433333333333334
77,16,5,15,45.51,3.034
77,16,6,9,26.42,2.9355555555555557
77,16,7,5,12.66,2.532
77,16,8,15,36.89,2.4593333333333334
77,16,9,12,29.2,2.433333333333333
77,16,10,18,39.85,2.213888888888889
77,16,11,15,31.57,2.1046666666666667
77,16,12,1,1.07,1.07
77,16,13,16,14.66,0.91625
77,16,14,7,5.35,0.7642857142857142
77,16,15,2,1.38,0.69
77,16,16,13,5.1,0.3923076923076923
77,16,17,13,4.16,0.32
77,16,18,4,1.0,0.25
77,16,19,15,3.52,0.23466666666666666
77,30,0,11,44.78,4.070909090909091
77,30,1,8,32.48,4.06
77,30,2,7,27.77,3.967142857142857
77,30,3,6,23.74,3.9566666666666666
77,30,4,19,50.41,2.6531578947368417
77,30,5,10,26.01,2.601
77,30,6,17,43.43,2.554705882352941
77,30,7,3,6.59,2.1966666666666668
77,30,8,10,20.94,2.0940000000000003
77,30,9,3,5.87,1.9566666666666668
77,30,10,13,17.38,1.3369230769230769
77,30,11,7,8.34,1.1914285714285715
77,30,12,17,17.49,1.0288235294117647
77,30,13,4,4.06,1.015
77,30,14,18,17.35,0.963888888888889
77,30,15,9,5.92,0.6577777777777778
77,30,16,12,7.55,0.6291666666666667
77,30,17,8,3.95,0.49375
77,30,18,17,4.24,0.24941176470588236
77,30,19,17,4.2,0.24705882352941178
77,47,0,8,35.88,4.485
77,47,1,2,8.91,4.455
77,47,2,10,43.47,4.3469999999999995
77,47,3,6,24.81,4.135
77,47,4,7,28.49,4.069999999999999
77,47,5,8,21.79,2.72375
77,47,6,1,1.91,1.91
77,47,7,15,26.66,1.7773333333333334
77,47,8,20,34.12,1.706
77,47,9,1,1.69,1.69
77,47,10,15,24.55,1.6366666666666667
77,47,11,20,29.93,1.4965
77,47,12,3,2.87,0.9566666666666667
77,47,13,4,3.77,0.9425
77,47,14,3,2.82,0.94
77,47,15,19,17.34,0.9126315789473685
77,47,16,5,3.77,0.754
77,47,17,13,8.1,0.6230769230769231
77,47,18,9,4.76,0.5288888888888889
77,47,19,17,5.79,0.34058823529411764
77,60,0,16,77.37,4.835625
77,60,1,6,26.84,4.473333333333334
77,60,2,20,77.72,3.886
77,60,3,7,22.45,3.207142857142857
77,60,4,15,47.56,3.170666666666667
77,60,5,4,10.86,2.715
77,60,6,15,37.59,2.5060000000000002
77,60,7,17,41.66,2.4505882352941173
77,60,8,6,13.99,2.3316666666666666
77,60,9,9,16.61,1.8455555555555554
77,60,10,6,10.63,1.7716666666666667
77,60,11,19,32.19,1.6942105263157894
77,60,12,2,3.19,1.595
77,60,13,8,12.44,1.555
77,60,14,10,13.71,1.371
77,60,15,8,10.79,1.34875
77,60,16,6,8.06,1.3433333333333335
77,60,17,10,11.92,1.192
77,60,18,18,19.69,1.093888888888889
77,60,19,7,2.87,0.41000000000000003
77,69,0,1,4.95,4.95
77,69,1,15,74.18,4.945333333333334
77,69,2,18,75.34,4.185555555555556
77,69,3,17,66.3,3.9
77,69,4,6,23.13,3.855
77,69,5,11,41.61,3.7827272727272727
77,69,6,7,26.16,3.737142857142857
77,69,7,12,32.11,2.6758333333333333
77,69,8,15,32.31,2.1540000000000004
77,69,9,14,28.52,2.037142857142857
77,69,10,7,13.71,1.9585714285714286
77,69,11,5,9.6,1.92
77,69,12,20,37.08,1.8539999999999999
77,69,13,10,18.35,1.8350000000000002
77,69,14,9,15.35,1.7055555555555555
77,69,15,19,23.33,1.2278947368421052
77,69,16,7,6.26,0.8942857142857142
77,69,17,4,3.01,0.7525
77,69,18,10,5.32,0.532
77,69,19,5,2.16,0.43200000000000005
77,74,0,20,32.22,1.611
77,74,1,10,15.22,1.522
77,74,2,11,16.67,1.5154545454545456
77,74,3,12,18.0,1.5
77,74,4,12,16.16,1.3466666666666667
77,74,5,10,12.82,1.282
77,74,6,15,18.65,1.2433333333333332
77,74,7,19,21.48,1.1305263157894736
77,74,8,13,14.68,1.1292307692307693
77,74,9,8,8.65,1.08125
77,74,10,14,10.83,0.7735714285714286
77,74,11,10,6.85,0.6849999999999999
77,74,12,2,1.34,0.67
77,74,13,16,10.15,0.634375
77,74,14,10,4.21,0.421
77,74,15,3,1.02,0.34
77,74,16,3,1.01,0.33666666666666667
77,74,17,9,2.4,0.26666666666666666
77,74,18,12,2.04,0.17
77,74,19,18,2.71,0.15055555555555555
77,75,0,8,19.39,2.42375
77,75,1,9,20.09,2.232222222222222
77,75,2,4,8.85,2.2125
77,75,3,13,27.09,2.083846153846154
77,75,4,14,28.98,2.07
77,75,5,2,3.8,1.9
77,75,6,11,20.12,1.829090909090909
77,75,7,20,31.62,1.581
77,75,8,6,9.29,1.5483333333333331
77,75,9,16,22.8,1.425
77,75,10,4,5.59,1.3975
77,75,11,16,22.17,1.385625
77,75,12,2,2.47,1.235
77,75,13,19,23.05,1.2131578947368422
77,75,14,6,6.77,1.1283333333333332
77,75,15,13,14.34,1.103076923076923
77,75,16,19,14.71,0.7742105263157896
77,75,17,17,9.65,0.5676470588235294
77,75,18,10,3.86,0.386
77,75,19,11,3.21,0.2918181818181818
77,80,0,3,10.22,3.4066666666666667
77,80,1,2,6.28,3.14
77,80,2,19,58.08,3.056842105263158
77,80,3,14,35.85,2.560714285714286
77,80,4,11,27.8,2.5272727272727273
77,80,5,7,14.7,2.1
77,80,6,2,4.11,2.055
77,80,7,14,28.35,2.025
77,80,8,16,30.83,1.926875
77,80,9,19,33.4,1.7578947368421052
77,80,10,4,6.95,1.7375
77,80,11,5,6.9,1.3800000000000001
77,80,12,10,10.53,1.053
77,80,13,8,7.7,0.9625
77,80,14,18,16.42,0.9122222222222223
77,80,15,1,0.72,0.72
77,80,16,10,6.35,0.635
77,80,17,8,4.96,0.62
77,80,18,15,7.31,0.4873333333333333
77,80,19,3,0.46,0.15333333333333335
80,8,0,4,14.43,3.6075
80,8,1,2,7.05,3.525
80,8,2,16,52.4,3.275
80,8,3,10,32.34,3.2340000000000004
80,8,4,18,54.27,3.015
80,8,5,9,27.05,3.0055555555555555
80,8,6,2,5.96,2.98
80,8,7,8,23.14,2.8925
80,8,8,5,14.24,2.848
80,8,9,1,2.33,2.33
80,8,10,1,2.15,2.15
80,8,11,19,40.47,2.13
80,8,12,8,16.61,2.07625
80,8,13,3,5.7,1.9000000000000001
80,8,14,10,16.83,1.6829999999999998
80,8,15,4,6.43,1.6075
80,8,16,8,11.75,1.46875
80,8,17,13,14.95,1.15
80,8,18,5,5.06,1.012
80,8,19,17,14.7,0.8647058823529411
80,16,0,10,34.88,3.4880000000000004
80,16,1,20,66.71,3.3354999999999997
80,16,2,15,48.0,3.2
80,16,3,19,57.23,3.0121052631578946
80,16,4,18,53.23,2.957222222222222
80,16,5,11,31.34,2.849090909090909
80,16,6,6,14.86,2.4766666666666666
80,16,7,13,31.33,2.4099999999999997
80,16,8,8,18.99,2.37375
80,16,9,12,26.46,2.205
80,16,10,15,30.84,2.056
80,16,11,14,24.36,1.74
80,16,12,3,5.21,1.7366666666666666
80,16,13,19,31.75,1.6710526315789473
80,16,14,16,22.21,1.388125
80,16,15,9,9.38,1.0422222222222224
80,16,16,14,11.15,0.7964285714285715
80,16,17,2,1.55,0.775
80,16,18,20,10.54,0.5269999999999999
80,16,19,10,3.85,0.385
80,30,0,1,1.23,1.23
80,30,1,16,19.55,1.221875
80,30,2,18,21.34,1.1855555555555555
80,30,3,17,19.56,1.1505882352941175
80,30,4,1,1.12,1.12
80,30,5,19,21.04,1.1073684210526316
80,30,6,8,7.09,0.88625
80,30,7,10,7.84,0.784
80,30,8,9,6.81,0.7566666666666666
80,30,9,12,8.9,0.7416666666666667
80,30,10,1,0.72,0.72
80,30,11,15,10.35,0.69
80,30,12,11,7.57,0.6881818181818182
80,30,13,16,9.39,0.586875
80,30,14,20,10.57,0.5285
80,30,15,17,6.14,0.36117647058823527
80,30,16,4,1.35,0.3375
80,30,17,6,1.77,0.295
80,30,18,8,2.04,0.255
80,30,19,1,0.13,0.13
80,47,0,8,29.85,3.73125
80,47,1,6,19.4,3.233333333333333
80,47,2,13,41.78,3.213846153846154
80,47,3,12,34.6,2.8833333333333333
80,47,4,3,8.38,2.7933333333333334
80,47,5,17,46.97,2.762941176470588
80,47,6,17,46.56,2.7388235294117647
80,47,7,4,8.52,2.13
80,47,8,4,7.97,1.9925
80,47,9,5,9.53,1.906
80,47,10,8,13.45,1.68125
80,47,11,11,17.52,1.5927272727272728
80,47,12,5,5.46,1.092
80,47,13,1,0.79,0.79
80,47,14,3,1.76,0.5866666666666667
80,47,15,15,8.66,0.5773333333333334
80,47,16,16,7.56,0.4725
80,47,17,6,2.63,0.4383333333333333
80,47,18,16,4.83,0.301875
80,47,19,14,3.75,0.26785714285714285
80,60,0,9,22.73,2.5255555555555556
80,60,1,12,30.26,2.521666666666667
80,60,2,1,2.26,2.26
80,60,3,10,22.42,2.242
80,60,4,3,6.2,2.066666666666667
80,60,5,12,21.17,1.7641666666666669
80,60,6,8,11.82,1.4775
80,60,7,3,4.1,1.3666666666666665
80,60,8,7,9.35,1.3357142857142856
80,60,9,15,19.9,1.3266666666666667
80,60,10,12,15.35,1.2791666666666666
80,60,11,6,7.63,1.2716666666666667
80,60,12,4,5.05,1.2625
80,60,13,7,8.64,1.2342857142857144
80,60,14,11,11.25,1.0227272727272727
80,60,15,15,13.87,0.9246666666666666
80,60,16,10,8.41,0.841
80,60,17,12,8.28,0.69
80,60,18,13,6.61,0.5084615384615385
80,60,19,11,3.82,0.34727272727272723
80,69,0,19,51.65,2.718421052631579
80,69,1,10,26.79,2.679
80,69,2,9,24.04,2.671111111111111
80,69,3,10,26.67,2.6670000000000003
80,69,4,6,15.27,2.545
80,69,5,7,15.11,2.1585714285714284
80,69,6,4,7.83,1.9575
80,69,7,2,3.31,1.655
80,69,8,9,13.22,1.468888888888889
80,69,9,16,22.44,1.4025
80,69,10,19,22.8,1.2
80,69,11,5,5.9,1.1800000000000002
80,69,12,3,3.21,1.07
80,69,13,2,2.08,1.04
80,69,14,1,1.03,1.03
80,69,15,15,13.13,0.8753333333333334
80,69,16,6,3.85,0.6416666666666667
80,69,17,17,7.87,0.46294117647058824
80,69,18,4,1.01,0.2525
80,69,19,7,1.42,0.20285714285714285
80,74,0,10,50.09,5.009
80,74,1,12,59.37,4.9475
80,74,2,8,39.53,4.94125
80,74,3,9,38.1,4.233333333333333
80,74,4,17,71.66,4.215294117647058
80,74,5,5,20.28,4.056
80,74,6,16,56.86,3.55375
80,74,7,15,51.07,3.4046666666666665
80,74,8,15,46.87,3.1246666666666667
80,74,9,3,8.95,2.983333333333333
80,74,10,18,52.72,2.928888888888889
80,74,11,12,32.5,2.7083333333333335
80,74,12,15,36.96,2.464
80,74,13,15,30.19,2.0126666666666666
80,74,14,8,15.98,1.9975
80,74,15,12,18.4,1.5333333333333332
80,74,16,7,8.62,1.2314285714285713
80,74,17,7,6.51,0.9299999999999999
80,74,18,1,0.65,0.65
80,74,19,16,3.68,0.23
80,75,0,14,42.97,3.0692857142857144
80,75,1,1,3.05,3.05
80,75,2,8,24.24,3.03
80,75,3,12,31.78,2.6483333333333334
80,75,4,13,32.68,2.5138461538461536
80,75,5,12,24.65,2.0541666666666667
80,75,6,19,38.66,2.034736842105263
80,75,7,14,26.81,1.9149999999999998
80,75,8,6,10.66,1.7766666666666666
80,75,9,18,30.6,1.7000000000000002
80,75,10,16,25.89,1.618125
80,75,11,8,12.1,1.5125
80,75,12,3,4.2,1.4000000000000001
80,75,13,18,21.19,1.1772222222222224
80,75,14,10,10.46,1.046
80,75,15,20,20.91,1.0455
80,75,16,20,20.38,1.019
80,75,17,2,1.48,0.74
80,75,18,20,13.59,0.6795
80,75,19,15,9.19,0.6126666666666666
80,77,0,8,26.84,3.355
80,77,1,1,3.19,3.19
80,77,2,14,42.71,3.0507142857142857
80,77,3,13,36.8,2.8307692307692305
80,77,4,1,2.69,2.69
80,77,5,7,16.03,2.29
80,77,6,7,13.95,1.9928571428571427
80,77,7,2,3.87,1.935
80,77,8,19,36.12,1.9010526315789473
80,77,9,6,9.9,1.6500000000000001
80,77,10,2,3.28,1.64
80,77,11,9,14.19,1.5766666666666667
80,77,12,18,22.66,1.258888888888889
80,77,13,9,9.05,1.0055555555555555
80,77,14,7,6.74,0.9628571428571429
80,77,15,8,5.75,0.71875
80,77,16,14,4.81,0.3435714285714285
80,77,17,8,2.19,0.27375
80,77,18,4,0.69,0.1725
80,77,19,3,0.45,0.15
